filename,label,symmetry
real_1.npy,real,0.004945989904316527
real_10.npy,real,0.003936517846082717
real_10001.npy,real,0.004077644277189695
real_10003.npy,real,0.00411662664687783
real_10005.npy,real,0.004823007070451272
real_10009.npy,real,0.004103207768197109
real_10010.npy,real,0.004657240115165284
real_10011.npy,real,0.004867990328639939
real_10012.npy,real,0.0040835457708485925
real_1002.npy,real,0.004058614735985197
real_10021.npy,real,0.005331675484270439
real_10022.npy,real,0.003137162948396778
real_10030.npy,real,0.00461707014684521
real_10031.npy,real,0.004448904421576117
real_10033.npy,real,0.004439778093370426
real_10037.npy,real,0.004591136824700163
real_10039.npy,real,0.004517321015779032
real_1004.npy,real,0.003980006531720284
real_10041.npy,real,0.0042079892734510375
real_10042.npy,real,0.004199856858101584
real_10044.npy,real,0.0045164878502018495
real_10045.npy,real,0.005042367540095218
real_10052.npy,real,0.004692186711907411
real_10053.npy,real,0.004554348882315009
real_10054.npy,real,0.005106853318419336
real_10055.npy,real,0.0054579299364000125
real_10056.npy,real,0.003670847526317536
real_10057.npy,real,0.0041806841868027725
real_10058.npy,real,0.0040347288242705585
real_10061.npy,real,0.0037249199252738672
real_10066.npy,real,0.004558149599331358
real_10067.npy,real,0.004393185897282076
real_10068.npy,real,0.004785459627525589
real_10069.npy,real,0.004193843991754024
real_10074.npy,real,0.004685919827202184
real_10075.npy,real,0.004579804154110065
real_10077.npy,real,0.003957382591842812
real_10079.npy,real,0.004041306681064726
real_10080.npy,real,0.003334262745002856
real_10087.npy,real,0.006074427397358966
real_10088.npy,real,0.00405754112461439
real_1009.npy,real,0.004315985920241903
real_10090.npy,real,0.005160914620187679
real_10091.npy,real,0.004801507077178376
real_10095.npy,real,0.0020909042250043305
real_10097.npy,real,0.0037366997522242655
real_10099.npy,real,0.004530294420041155
real_10100.npy,real,0.0038043247027863296
real_10101.npy,real,0.0036789419502816162
real_10106.npy,real,0.005273595045905192
real_10109.npy,real,0.005060895498100919
real_10110.npy,real,0.004118379048288912
real_10111.npy,real,0.004570280336886881
real_10112.npy,real,0.005509074359926737
real_10114.npy,real,0.004341031823442637
real_10118.npy,real,0.004842458109695073
real_10119.npy,real,0.004518061995204361
real_10132.npy,real,0.00434321074469289
real_10134.npy,real,0.004297095278689601
real_10139.npy,real,0.00513098635693011
real_1014.npy,real,0.004668853067339467
real_10140.npy,real,0.004781884841985447
real_10147.npy,real,0.005256063874270693
real_10150.npy,real,0.0040768956330415615
real_10152.npy,real,0.004552167777035647
real_10154.npy,real,0.004211885662415566
real_10155.npy,real,0.004236715232476356
real_10156.npy,real,0.003473924803528528
real_10157.npy,real,0.0019508595413497282
real_10164.npy,real,0.004613909235218712
real_10169.npy,real,0.004606182579838322
real_10173.npy,real,0.004545643243587607
real_10176.npy,real,0.005229265702895375
real_10182.npy,real,0.004320960369980011
real_10183.npy,real,0.004945078200039206
real_10184.npy,real,0.004309299632913807
real_10185.npy,real,0.004286931388925204
real_10189.npy,real,0.004762718693490818
real_1019.npy,real,0.003344857022891985
real_10190.npy,real,0.00287571922278651
real_10198.npy,real,0.004282901788215386
real_10201.npy,real,0.0046118384170890534
real_10202.npy,real,0.004735383981754317
real_10207.npy,real,0.004418743516971715
real_10208.npy,real,0.0044650902756560645
real_10211.npy,real,0.004655313048274905
real_10212.npy,real,0.004153688645520209
real_10215.npy,real,0.004523352065169009
real_10218.npy,real,0.004315138342209811
real_10219.npy,real,0.003942225762887335
real_1022.npy,real,0.003640932779883205
real_10222.npy,real,0.0030592521071057706
real_10228.npy,real,0.004428525221746797
real_10230.npy,real,0.004710456826153746
real_10231.npy,real,0.004167465943867254
real_10233.npy,real,0.004667115790165252
real_10234.npy,real,0.0052590588699256025
real_1024.npy,real,0.005046818910829049
real_10240.npy,real,0.004635672738486543
real_10242.npy,real,0.004606673564644277
real_10246.npy,real,0.004309902536900076
real_1025.npy,real,0.004699573455130308
real_10250.npy,real,0.005652530693286104
real_10253.npy,real,0.005307687255851742
real_10254.npy,real,0.004381522666416623
real_10256.npy,real,0.004847200447851149
real_10258.npy,real,0.0057727856419732175
real_10259.npy,real,0.00473043065395447
real_10261.npy,real,0.003477421893682663
real_10266.npy,real,0.004699364899376477
real_10267.npy,real,0.004390548225596827
real_10268.npy,real,0.005423599731011434
real_10269.npy,real,0.004754868151821749
real_10272.npy,real,0.005347516711545202
real_10276.npy,real,0.004959910293352694
real_10277.npy,real,0.004967345852397033
real_10278.npy,real,0.004633322601237722
real_10279.npy,real,0.004949702712183399
real_1028.npy,real,0.006158453161098759
real_10282.npy,real,0.004858281990557282
real_10283.npy,real,0.004070311778099161
real_10285.npy,real,0.005496925598560422
real_10286.npy,real,0.004909316307548106
real_10291.npy,real,0.004627736672399847
real_10292.npy,real,0.0050774572978146155
real_10295.npy,real,0.004429965349385627
real_10296.npy,real,0.0040227470484124036
real_10297.npy,real,0.0025777230430001708
real_10300.npy,real,0.004868686014083288
real_10301.npy,real,0.003135352628802937
real_10302.npy,real,0.005190319227204983
real_10303.npy,real,0.004481183154677931
real_10305.npy,real,0.004464419777599822
real_10307.npy,real,0.004285507876615262
real_10311.npy,real,0.004347413403629125
real_10318.npy,real,0.0038690023785669216
real_10320.npy,real,0.004709879365579591
real_10321.npy,real,0.005309943550555429
real_10323.npy,real,0.004570568063640451
real_10325.npy,real,0.004256828931625547
real_10327.npy,real,0.0038938628642226428
real_10331.npy,real,0.004060226754330375
real_10333.npy,real,0.00454210906516299
real_10336.npy,real,0.003962650893300637
real_10337.npy,real,0.004314170293658157
real_1034.npy,real,0.004313847755767642
real_10344.npy,real,0.004146618404379604
real_10347.npy,real,0.003976592895054631
real_10349.npy,real,0.005115308123110262
real_10351.npy,real,0.0041042139677924154
real_10352.npy,real,0.0037490152489307272
real_10353.npy,real,0.004109186434805887
real_1036.npy,real,0.004104943057988493
real_10364.npy,real,0.004408423940760963
real_10376.npy,real,0.004483218355911604
real_10377.npy,real,0.003965152121929181
real_1038.npy,real,0.004285547399449934
real_10380.npy,real,0.004537972803490102
real_10389.npy,real,0.004091122131551004
real_1039.npy,real,0.004408380914611622
real_10391.npy,real,0.00430148486800215
real_10398.npy,real,0.0028333628920818353
real_10400.npy,real,0.005063176983807408
real_10401.npy,real,0.005124954805104767
real_10404.npy,real,0.00460520108173596
real_10405.npy,real,0.0050273589773867245
real_10407.npy,real,0.00437528410747558
real_10408.npy,real,0.004986861103663924
real_1041.npy,real,0.005163472748233948
real_10411.npy,real,0.004783368778361714
real_10415.npy,real,0.00451136017811336
real_10418.npy,real,0.004386727799648629
real_1042.npy,real,0.004989543001791006
real_10424.npy,real,0.004401941245652428
real_1043.npy,real,0.004475049154900653
real_10437.npy,real,0.003959905008587033
real_10438.npy,real,0.0041583019650679
real_10439.npy,real,0.004630227889116666
real_10442.npy,real,0.005112082287592693
real_10444.npy,real,0.004091019002138264
real_10445.npy,real,0.003909995285861723
real_10448.npy,real,0.004038757661136886
real_10452.npy,real,0.004466387430260618
real_10454.npy,real,0.004590893792021127
real_10456.npy,real,0.005275143854013872
real_10459.npy,real,0.004268301448658827
real_10460.npy,real,0.0041882995202422
real_10462.npy,real,0.003386649579865276
real_10463.npy,real,0.004024971168402403
real_1047.npy,real,0.005657350090139213
real_10471.npy,real,0.0039106255528407
real_10473.npy,real,0.004301364973183827
real_10474.npy,real,0.004264791516578302
real_10475.npy,real,0.0041010936959252975
real_10476.npy,real,0.00430324447963951
real_10482.npy,real,0.0047400318771864125
real_10483.npy,real,0.006027067747274222
real_1049.npy,real,0.004656884949060657
real_10492.npy,real,0.0036232600124363563
real_10493.npy,real,0.004920591626268067
